{
  "results": [
    {
      "command": "cairo-native ",
      "mean": 2.00348730982,
      "stddev": 0.029624440694090405,
      "median": 1.9932890683200002,
      "user": 1.9149126799999998,
      "system": 0.07408896,
      "min": 1.9814637968200002,
      "max": 2.0769687558200003,
      "times": [
        1.98475475582,
        1.9935120468200003,
        2.02983867182,
        1.9814637968200002,
        1.99306608982,
        2.00888929782,
        1.98715700582,
        1.9833044638200001,
        1.99591821382,
        2.0769687558200003
      ],
      "exit_codes": [
        0,
        0,
        0,
        0,
        0,
        0,
        0,
        0,
        0,
        0
      ]
    }
  ]
}
