{
  "results": [
    {
      "command": "(JIT)",
      "mean": 2.16516172664,
      "stddev": 0.007775103050137328,
      "median": 2.16407941824,
      "user": 2.0897926399999998,
      "system": 0.06768912,
      "min": 2.15531575124,
      "max": 2.17567808524,
      "times": [
        2.17248541824,
        2.17567808524,
        2.15531575124,
        2.16251437624,
        2.16329104324,
        2.15540933524,
        2.16923750124,
        2.16486779324,
        2.17528225224,
        2.15753571024
      ],
      "exit_codes": [
        0,
        0,
        0,
        0,
        0,
        0,
        0,
        0,
        0,
        0
      ]
    },
    {
      "command": "(AOT)",
      "mean": 2.37757697254,
      "stddev": 0.03408193861867698,
      "median": 2.37580456424,
      "user": 2.10590984,
      "system": 0.08746472,
      "min": 2.33560154324,
      "max": 2.45135800224,
      "times": [
        2.34759825124,
        2.38145708524,
        2.33823758524,
        2.37601879324,
        2.37559033524,
        2.3754287932400002,
        2.45135800224,
        2.39847070924,
        2.39600862724,
        2.33560154324
      ],
      "exit_codes": [
        0,
        0,
        0,
        0,
        0,
        0,
        0,
        0,
        0,
        0
      ]
    }
  ]
}
