{
  "results": [
    {
      "command": "head fib_2M",
      "mean": 2.0849699377,
      "stddev": 0.0720477505961565,
      "median": 2.0907471872,
      "user": 1.9454121199999999,
      "system": 0.08149848,
      "min": 1.9732440417,
      "max": 2.1887477917,
      "times": [
        2.1630765837,
        2.0509499587000004,
        2.1480082507000002,
        2.1887477917,
        2.0114732507000004,
        1.9732440417,
        2.0113365837000003,
        2.0937724997,
        2.0877218747,
        2.1213685417000003
      ],
      "exit_codes": [
        0,
        0,
        0,
        0,
        0,
        0,
        0,
        0,
        0,
        0
      ],
      "parameters": {
        "bin": "head"
      }
    },
    {
      "command": "base fib_2M",
      "mean": 2.0683535043,
      "stddev": 0.052497060222323554,
      "median": 2.0480997082,
      "user": 1.94046062,
      "system": 0.08341647999999999,
      "min": 2.0109630417,
      "max": 2.1636178747000003,
      "times": [
        2.0691611257,
        2.1636178747000003,
        2.1138149587000004,
        2.0423741667,
        2.0109630417,
        2.0252668337000004,
        2.0262456667000004,
        2.0538252497,
        2.0391930837000003,
        2.1390730417
      ],
      "exit_codes": [
        0,
        0,
        0,
        0,
        0,
        0,
        0,
        0,
        0,
        0
      ],
      "parameters": {
        "bin": "base"
      }
    }
  ]
}
