{
  "results": [
    {
      "command": "head bench-outputs/fib_2M.cairo (JIT)",
      "mean": 2.0715291901599997,
      "stddev": 0.04483878325008814,
      "median": 2.06169289026,
      "user": 1.9739116799999998,
      "system": 0.08152266,
      "min": 2.00547182726,
      "max": 2.1334399942599998,
      "times": [
        2.06721328626,
        2.1334399942599998,
        2.05617249426,
        2.02056466126,
        2.00547182726,
        2.04275603626,
        2.12943545326,
        2.05292220226,
        2.0885828272599998,
        2.11873311926
      ],
      "exit_codes": [
        0,
        0,
        0,
        0,
        0,
        0,
        0,
        0,
        0,
        0
      ]
    },
    {
      "command": "head bench-outputs/fib_2M.cairo (AOT)",
      "mean": 2.19588916896,
      "stddev": 0.017403171280462763,
      "median": 2.1924426607600003,
      "user": 1.9711006799999997,
      "system": 0.08099715999999998,
      "min": 2.1761294102599997,
      "max": 2.22813499426,
      "times": [
        2.17780941026,
        2.21307720226,
        2.18306220226,
        2.20858457726,
        2.18169024426,
        2.1761294102599997,
        2.19628286926,
        2.22813499426,
        2.20551832726,
        2.18860245226
      ],
      "exit_codes": [
        0,
        0,
        0,
        0,
        0,
        0,
        0,
        0,
        0,
        0
      ]
    }
  ]
}
