{
  "results": [
    {
      "command": "head bench-outputs/logistic_map.cairo (JIT)",
      "mean": 2.3993333832599997,
      "stddev": 0.028537256637517796,
      "median": 2.38939947076,
      "user": 2.3133098000000003,
      "system": 0.07625293999999999,
      "min": 2.37071042876,
      "max": 2.46916497076,
      "times": [
        2.46916497076,
        2.4281235127599996,
        2.39019767876,
        2.38860126276,
        2.38771684576,
        2.39032476176,
        2.39765555476,
        2.38553822076,
        2.38530059576,
        2.37071042876
      ],
      "exit_codes": [
        0,
        0,
        0,
        0,
        0,
        0,
        0,
        0,
        0,
        0
      ]
    },
    {
      "command": "head bench-outputs/logistic_map.cairo (AOT)",
      "mean": 2.53162463316,
      "stddev": 0.04164536697995071,
      "median": 2.5226173872599995,
      "user": 2.2784975,
      "system": 0.09800874,
      "min": 2.4730854287599997,
      "max": 2.60276159576,
      "times": [
        2.4730854287599997,
        2.50783509576,
        2.5075923037599996,
        2.5280140537599998,
        2.5172207207599997,
        2.48406338776,
        2.55881134576,
        2.56357922076,
        2.57328317876,
        2.60276159576
      ],
      "exit_codes": [
        0,
        0,
        0,
        0,
        0,
        0,
        0,
        0,
        0,
        0
      ]
    }
  ]
}
