{
  "results": [
    {
      "command": "cairo-native ",
      "mean": 1.95079119338,
      "stddev": 0.0041843857035748985,
      "median": 1.95015943058,
      "user": 1.8785739,
      "system": 0.06597926000000001,
      "min": 1.9461114725800002,
      "max": 1.95840109758,
      "times": [
        1.95840109758,
        1.95647818058,
        1.95225622258,
        1.9470602225800002,
        1.9470338895800001,
        1.9461114725800002,
        1.9521885975800002,
        1.9480633895800001,
        1.94856980558,
        1.9517490555800001
      ],
      "exit_codes": [
        0,
        0,
        0,
        0,
        0,
        0,
        0,
        0,
        0,
        0
      ]
    }
  ]
}
