{
  "results": [
    {
      "command": "cairo-native ",
      "mean": 2.23042004518,
      "stddev": 0.03740925595495818,
      "median": 2.21375882858,
      "user": 1.9781019199999996,
      "system": 0.08814008,
      "min": 2.2000879120800003,
      "max": 2.31375716208,
      "times": [
        2.20852491208,
        2.31375716208,
        2.2384464950800003,
        2.2682576620800003,
        2.21899274508,
        2.20295082808,
        2.20087232808,
        2.2480625780800003,
        2.2000879120800003,
        2.2042478290800003
      ],
      "exit_codes": [
        0,
        0,
        0,
        0,
        0,
        0,
        0,
        0,
        0,
        0
      ]
    }
  ]
}
