{
  "results": [
    {
      "command": "base fib_2M",
      "mean": 2.0393142182999995,
      "stddev": 0.026961023506269517,
      "median": 2.0372901729999997,
      "user": 1.94102604,
      "system": 0.07650889999999999,
      "min": 2.0012654635,
      "max": 2.0800131724999997,
      "times": [
        2.0529177975,
        2.0176935885,
        2.0615087565,
        2.0800131724999997,
        2.0337213805,
        2.0012654635,
        2.0390934645,
        2.0690453805,
        2.0023962975,
        2.0354868815
      ],
      "exit_codes": [
        0,
        0,
        0,
        0,
        0,
        0,
        0,
        0,
        0,
        0
      ],
      "parameters": {
        "bin": "base"
      }
    },
    {
      "command": "head fib_2M",
      "mean": 2.0619850389999996,
      "stddev": 0.022179684160165046,
      "median": 2.065425485,
      "user": 1.95532504,
      "system": 0.07875889999999999,
      "min": 2.0188341304999997,
      "max": 2.0928458805,
      "times": [
        2.0725478804999997,
        2.0889834225,
        2.0707448805,
        2.0188341304999997,
        2.0503522135,
        2.0467707975,
        2.0928458805,
        2.0601060895,
        2.0718112145,
        2.0468538805
      ],
      "exit_codes": [
        0,
        0,
        0,
        0,
        0,
        0,
        0,
        0,
        0,
        0
      ],
      "parameters": {
        "bin": "head"
      }
    }
  ]
}
