{
  "results": [
    {
      "command": "base fib_2M",
      "mean": 2.0002735406200003,
      "stddev": 0.015006187779340286,
      "median": 1.99511119862,
      "user": 1.91515174,
      "system": 0.07410807999999999,
      "min": 1.98351199012,
      "max": 2.02628844912,
      "times": [
        2.02363553212,
        1.98820019912,
        2.02628844912,
        1.9927819071200001,
        1.9917586571199999,
        1.99744049012,
        2.00201015812,
        2.00932003212,
        1.98351199012,
        1.98778799112
      ],
      "exit_codes": [
        0,
        0,
        0,
        0,
        0,
        0,
        0,
        0,
        0,
        0
      ],
      "parameters": {
        "bin": "base"
      }
    },
    {
      "command": "head fib_2M",
      "mean": 2.01805845742,
      "stddev": 0.02266674187969716,
      "median": 2.0221208866200002,
      "user": 1.9304023399999999,
      "system": 0.07578128,
      "min": 1.98324249112,
      "max": 2.04873749012,
      "times": [
        2.02745190712,
        1.99491382412,
        1.98324249112,
        2.00011119912,
        2.0167898661200003,
        1.9989728661200001,
        2.0446535321200003,
        2.04873749012,
        2.0354611991200002,
        2.03025019912
      ],
      "exit_codes": [
        0,
        0,
        0,
        0,
        0,
        0,
        0,
        0,
        0,
        0
      ],
      "parameters": {
        "bin": "head"
      }
    }
  ]
}
